time, density
900,0.3951513279802347
1800,0.5394791023265391
2700,0.665740168828495
3600,0.7863393040971793
4500,0.8742021824171299
5400,0.9102326539015854
6300,0.9334465719579987
7200,0.9500720609429689
